Dabaholics Anonymous,1550
Game of Moans: The Second Coming,231
Hail to the Ping Baby,2596
Lord of the Pings,1131
Mighty Morphin Trophy Rangers,6303
My Drinking Team Has A Trophy Problem,2347
My Waifu Is Still Better Than Yours,2194
People Doing Casual Things,1132
Professor V.J. Cornucopia's Fantastic Foodmagorium and Great American Steakery,814
Roo Kids On The Block,3823
Snakes in the Grass,8899
Started from the bottom... and still sofa king here,2360
Super Gamindustri 64,1702
TBC,964
Team Sleep,886
The Backdoor Bandits,936
The Leftovers,623
The Trophy Avengers,1423
THS,1691
To Infinity and Beyond,355
Who Needs Platinum's When You Can Get Lots of Bronzes?,1147
Your Bag is Full Please Remove Some Trophies to Continue,2260
