Attack-Trik,3568
Attack-Trik,6501
broheimexpress,7609
broheimexpress,6659
broheimexpress,307
broheimexpress,4874
Jerry_Appleby,6053
Jerry_Appleby,4031
Jerry_Appleby,6660
Jerry_Appleby,7233
Jerry_Appleby,6245
Jerry_Appleby,6352
Jerry_Appleby,1159
Jerry_Appleby,230
Zetberg,2677
Zetberg,2112
Zetberg,1768
Zetberg,1772
Zetberg,1127
Zetberg,5362
Zetberg,7610
Zetberg,7609
Zetberg,256
Zetberg,7435
Zetberg,5308
Zetberg,7112
Zetberg,7504
Zetberg,7160
Zetberg,6469
Zetberg,6444
Zetberg,6490
Zetberg,7114
Zetberg,5025
Zetberg,6158
Zetberg,5532
Zetberg,7146
Zetberg,7497
Zetberg,6042
Zetberg,6115
Zetberg,6456
Zetberg,4129
Zetberg,6030
Zetberg,5841
Zetberg,7276
Zetberg,6129
Zetberg,4997
Zetberg,5649
Zetberg,6455
Zetberg,6637
Zetberg,6333
Zetberg,6831
Zetberg,7479
Zetberg,6695
Zetberg,7472
Zetberg,7492
Zetberg,5774
Zetberg,4314
Zetberg,6039
Zetberg,5374
Zetberg,6826
Zetberg,5564
VazzVegas,2677
VazzVegas,3763
VazzVegas,2251
VazzVegas,3220
VazzVegas,3953
VazzVegas,1187
VazzVegas,1188
VazzVegas,1189
VazzVegas,1190
VazzVegas,7115
Da-Eastside,6964
Da-Eastside,5800
Da-Eastside,6042
Da-Eastside,6507
Da-Eastside,1962
Da-Eastside,5841
Da-Eastside,5840
Da-Eastside,6433
Da-Eastside,6963
ThePriceysRight,6670
ThePriceysRight,4464
ThePriceysRight,7376
ThePriceysRight,7583
ThePriceysRight,6444
ThePriceysRight,6223
ThePriceysRight,6464
ThePriceysRight,7173
ThePriceysRight,2863
MK34567,7146
MK34567,7503
broadsword93,5316
Gashead-64,4572
stgermain,2268
